Group,Scheme,Sub Scheme Name,Programme Name,Sub Programme Name,Major Head Code,Actuals 2020-2021,Budget 2021-2022,Revised 2021-2022,Budget 2022-2023
Tax Revenue,Corporation Tax,Collections,NA,NA,20,412013.46,473365.39,549519.23,623076.92
Tax Revenue,Corporation Tax,Surcharge,NA,NA,20,14078.58,52596.15,61057.69,69230.77
Tax Revenue,Corporation Tax,Health and Education Cess,NA,NA,20,17795.16,21038.46,24423.08,27692.31
Tax Revenue,Corporation Tax,Penalties,NA,NA,20,79.47,NA,NA,NA
Tax Revenue,Corporation Tax,Interest Recoveries,NA,NA,20,1754.61,NA,NA,NA
Tax Revenue,Corporation Tax,Tax on Discounted Profits of Domestic Companies,NA,NA,20,3800.98,NA,NA,NA
Tax Revenue,Corporation Tax,Tax on Distributed Income to Unit Holders,NA,NA,20,8007.03,NA,NA,NA
Tax Revenue,Corporation Tax,Miscellaneous Receipts,NA,NA,20,189.68,NA,NA,NA
NA,Total-Corporation Tax,NA,NA,NA,NA,457718.97,547000,635000,720000
Tax Revenue,Taxes on Income,Collections,NA,NA,21,442607.02,474663.47,514903.85,588461.54
Tax Revenue,Taxes on Income,Surcharge,NA,NA,21,5537.78,52740.38,57211.53,65384.61
Tax Revenue,Taxes on Income,Health and Education Cess,NA,NA,21,18026.39,21096.15,22884.62,26153.85
Tax Revenue,Taxes on Income,Penalties,NA,NA,21,146.56,NA,NA,NA
Tax Revenue,Taxes on Income,Interest Recoveries,NA,NA,21,3717.67,NA,NA,NA
Tax Revenue,Taxes on Income,Tax Under Black Money,NA,NA,21,6.64,NA,NA,NA
Tax Revenue,Taxes on Income,Miscellaneous Receipts,NA,NA,21,349.18,NA,NA,NA
Tax Revenue,Taxes on Income,Security Transaction Tax,NA,NA,34,16926.99,12500,20000,20000
Tax Revenue,Taxes on Income,Hotel Receipts Tax,NA,NA,23,0.3,NA,NA,NA
Tax Revenue,Taxes on Income,Interest Tax,NA,NA,24,2.36,NA,NA,NA
Tax Revenue,Taxes on Income,Fringe Benefit Tax,NA,NA,26,-181.86,NA,NA,NA
Tax Revenue,Taxes on Income,Other Taxes on Income and Expenditure,Expenditure Tax,NA,28,4.55,NA,NA,NA
Tax Revenue,Taxes on Income,Other Taxes on Income and Expenditure,"Income Declaration Scheme, 2016",NA,28,0.12,NA,NA,NA
Tax Revenue,Taxes on Income,Other Taxes on Income and Expenditure,Other Receipts,NA,28,NA,NA,NA,NA
NA,NA,Total-Other Taxes on Income and Expenditure,NA,NA,NA,4.67,NA,NA,0
Tax Revenue,Taxes on Income,Krishi Kalyan Cess,NA,NA,28,0.01,NA,NA,NA
NA,Total-Taxes on Income,NA,NA,NA,NA,487143.71,561000,615000,700000
Tax Revenue,Wealth Tax,Estate Duty,NA,NA,31,1.38,NA,NA,NA
Tax Revenue,Wealth Tax,Taxes on Wealth,NA,NA,32,10.47,NA,NA,NA
NA,Total-Wealth Tax,NA,NA,NA,NA,11.85,NA,NA,NA
Tax Revenue,Commodity Transaction Tax,NA,NA,NA,36,1.89,NA,NA,NA
Tax Revenue,Customs,Import Duties,Basic Duties (including through Debit of Scrips),Other than debits of Scrips,37,106525.93,97950,128940,136810
Tax Revenue,Customs,Import Duties,Basic Duties (including through Debit of Scrips),Through Debit in Ledger due to various scrip based schemes,37,NA,13000,20740,31190
NA,NA,NA,Total-Basic Duties (including through Debit of Scrips),NA,NA,106525.93,110950,149680,168000
Tax Revenue,Customs,Import Duties,Additional Duty on Customs(CVD),NA,37,NA,NA,NA,NA
Tax Revenue,Customs,Import Duties,National Calamity Contingent Duty,NA,37,887.41,850,880,900
Tax Revenue,Customs,Import Duties,Primary Education Cess,NA,37,56.04,NA,NA,NA
Tax Revenue,Customs,Import Duties,Secondary and Higher Education Cess,NA,37,8.12,NA,NA,NA
Tax Revenue,Customs,Import Duties,Social Welfare Surcharge,NA,37,13447.39,14800,12745,14280
Tax Revenue,Customs,Import Duties,Health Cess,NA,37,-13.52,800,775,870
Tax Revenue,Customs,Import Duties,Agriculture Infrastructure and Development Cess (AIDC),NA,37,NA,NA,24450,27400
NA,NA,Total-Import Duties,NA,NA,NA,120911.37,127400,188530,211450
Tax Revenue,Customs,Export Duty,NA,NA,37,-1188.17,100,-900,50
Tax Revenue,Customs,Cesses on Exports,NA,NA,37,9214.64,3500,1370,1500
Tax Revenue,Customs,Other Receipts,NA,NA,37,2290.98,5000,NA,NA
Tax Revenue,Customs,Sale of Gold by Public Auction,NA,NA,37,169.49,NA,NA,NA
Tax Revenue,Customs,Sale Proceeds of Confiscated Goods,NA,NA,37,651.99,NA,NA,NA
Tax Revenue,Customs,Customs Duty on Gold,NA,NA,37,NA,NA,NA,NA
Tax Revenue,Customs,Receipt of advance payment of Assesses,NA,NA,37,87.85,NA,NA,NA
Tax Revenue,Customs,Safeguard Duty,NA,NA,37,1986.81,NA,NA,NA
Tax Revenue,Customs,Road and Infrastructure Cess,NA,NA,37,1.57,NA,NA,NA
Tax Revenue,Customs,Anti-dumping Duty,NA,NA,37,623.86,NA,NA,NA
NA,Total-Customs,NA,NA,NA,NA,134750.39,136000,189000,213000
Tax Revenue,Union Excise Duties,Basic Excise Duties,NA,NA,38,54059.55,47500,26125,26900
Tax Revenue,Union Excise Duties,Additional Duty of Excise on Motor Spirit,NA,NA,38,26895.29,NA,NA,NA
Tax Revenue,Union Excise Duties,Additional Duty of Excise on High Speed Diesel Oil,NA,NA,38,85289.24,NA,NA,NA
Tax Revenue,Union Excise Duties,National Calamity Contingent Duty,NA,NA,38,5098.81,5250,5250,5500
Tax Revenue,Union Excise Duties,Special Additional Duty of Excise on Motor Spirit,NA,NA,38,79358.52,74350,92970,95750
Tax Revenue,Union Excise Duties,Special Additional Duty of Excise on Tobacco Products,NA,NA,38,0.19,NA,NA,NA
Tax Revenue,Union Excise Duties,Cesses administrated by Department of Revenue,Primary Education Cess,NA,38,0.72,NA,NA,NA
Tax Revenue,Union Excise Duties,Cesses administrated by Department of Revenue,Secondary & Higher Education Cess,NA,38,0.49,NA,NA,NA
Tax Revenue,Union Excise Duties,Cesses administrated by Department of Revenue,Cess on Crude Oil,NA,38,10894.45,9900,17500,18020
Tax Revenue,Union Excise Duties,Cesses administrated by Department of Revenue,Cess on Bidi,NA,38,NA,NA,NA,NA
Tax Revenue,Union Excise Duties,Cesses administrated by Department of Revenue,Cess on Sugar,NA,38,0.35,NA,NA,NA
Tax Revenue,Union Excise Duties,Cesses administrated by Department of Revenue,Cess on Automobiles,NA,38,NA,NA,NA,NA
Tax Revenue,Union Excise Duties,Cesses administrated by Department of Revenue,Others,NA,38,NA,NA,NA,NA
Tax Revenue,Union Excise Duties,Cesses administrated by Department of Revenue,Clean Environment Cess,NA,38,0.01,NA,NA,NA
Tax Revenue,Union Excise Duties,Cesses administrated by Department of Revenue,Infrastructure Cess,NA,38,-0.07,NA,NA,NA
Tax Revenue,Union Excise Duties,Cesses administrated by Department of Revenue,Duty of Excise on Motor Spirit and High Speed Diesel Oil (Road and Infrastructure Cess),NA,38,123596.45,198000,203235,138450
Tax Revenue,Union Excise Duties,Cesses administrated by Department of Revenue,Agriculture Infrastructure and Development Cess (AIDC),NA,38,NA,NA,48920,50380
NA,NA,Total-Cesses administrated by Department of Revenue,NA,NA,NA,134492.4,207900,269655,206850
Tax Revenue,Union Excise Duties,Cesses administered by Other Departments,Rubber,NA,38,0.04,NA,NA,NA
Tax Revenue,Union Excise Duties,Cesses administered by Other Departments,Jute,NA,38,0.06,NA,NA,NA
Tax Revenue,Union Excise Duties,Cesses administered by Other Departments,Tea,NA,38,0.05,NA,NA,NA
Tax Revenue,Union Excise Duties,Cesses administered by Other Departments,Oil and Oil Seeds,NA,38,0.14,NA,NA,NA
Tax Revenue,Union Excise Duties,Cesses administered by Other Departments,Cotton,NA,38,0.02,NA,NA,NA
Tax Revenue,Union Excise Duties,Cesses administered by Other Departments,Tobacco,NA,38,0.01,NA,NA,NA
Tax Revenue,Union Excise Duties,Cesses administered by Other Departments,Paper,NA,38,0.01,NA,NA,NA
NA,NA,Total-Cesses administered by Other Departments,NA,NA,NA,0.33,NA,NA,0
Tax Revenue,Union Excise Duties,Auxiliary Duties of Excise,NA,NA,38,-17.98,NA,NA,NA
Tax Revenue,Union Excise Duties,Special Excise Duties,NA,NA,38,4374.2,NA,NA,NA
Tax Revenue,Union Excise Duties,Excise Duty on generation of Power,NA,NA,38,NA,NA,NA,NA
Tax Revenue,Union Excise Duties,Additional Excise Duty on Textile and Textile Articles,NA,NA,38,0.07,NA,NA,NA
Tax Revenue,Union Excise Duties,Additional Duty of Excise on Mineral Product,NA,NA,38,NA,NA,NA,NA
Tax Revenue,Union Excise Duties,Additional Excise Duties in lieu of Sales Tax,NA,NA,38,-0.56,NA,NA,NA
Tax Revenue,Union Excise Duties,Additional Excise Duties on TV Sets,NA,NA,38,-2.2,NA,NA,NA
Tax Revenue,Union Excise Duties,Other Duties,NA,NA,38,35.42,NA,NA,NA
Tax Revenue,Union Excise Duties,Sale of Confiscated Goods,NA,NA,38,0.05,NA,NA,NA
Tax Revenue,Union Excise Duties,Miscellaneous Receipts,NA,NA,38,83.75,NA,NA,NA
NA,Total-Union Excise Duties,NA,NA,NA,NA,389667.08,335000,394000,335000
Tax Revenue,Service Tax,Collections,NA,NA,44,1579.51,1000,1000,2000
Tax Revenue,Service Tax,Primary Education Cess,NA,NA,44,5.09,NA,NA,NA
Tax Revenue,Service Tax,Secondary & Higher Education Cess,NA,NA,44,2.81,NA,NA,NA
Tax Revenue,Service Tax,Swachh Bharat Cess,NA,NA,44,17.34,NA,NA,NA
Tax Revenue,Service Tax,Krishi Kalyan Cess,NA,NA,44,10.6,NA,NA,NA
Tax Revenue,Service Tax,Other Receipts,NA,NA,44,-0.51,NA,NA,NA
NA,Total-Service Tax,NA,NA,NA,NA,1614.84,1000,1000,2000
Tax Revenue,Goods and Services Tax (GST),Central Goods and Services Tax (CGST),NA,NA,5,456333.97,530000,570000,660000
Tax Revenue,Goods and Services Tax (GST),Integrated Goods and Services Tax (IGST),NA,NA,8,7251.43,NA,NA,NA
Tax Revenue,Goods and Services Tax (GST),GST Compensation Cess,NA,NA,9,85191.91,100000,105000,120000
NA,Total-Goods and Services Tax (GST),NA,NA,NA,NA,548777.31,630000,675000,780000
Tax Revenue,Other Taxes and Duties on Commodities and Services,"Taxes on Sale, Trade etc.",NA,NA,40,NA,NA,NA,NA
Tax Revenue,Other Taxes and Duties on Commodities and Services,Other Taxes,NA,NA,45,2081.46,NA,NA,NA
NA,Total-Other Taxes and Duties on Commodities and Services,NA,NA,NA,NA,2081.46,NA,NA,NA
Tax Revenue,Taxes of Union Territories,Land Revenue,NA,NA,710,9.2,36.41,36.41,27.05
Tax Revenue,Taxes of Union Territories,Stamps and Registration,NA,NA,710,238.08,381.54,381.54,422.9
Tax Revenue,Taxes of Union Territories,State Excise Duties,NA,NA,710,874.19,1555.03,1555.03,1716.5
Tax Revenue,Taxes of Union Territories,Sales Tax,NA,NA,710,988.54,1342.79,1342.79,1487.01
Tax Revenue,Taxes of Union Territories,Taxes on Vehicles,NA,NA,710,192.49,333.09,333.09,368.45
Tax Revenue,Taxes of Union Territories,Taxes on goods and passengers,NA,NA,710,3.92,25.25,25.25,28.5
Tax Revenue,Taxes of Union Territories,Taxes and Duties on Electricity,NA,NA,710,23.64,58,58,64
Tax Revenue,Taxes of Union Territories,Other Taxes and Duties,NA,NA,710,242.08,0.03,0.03,0.11
Tax Revenue,Taxes of Union Territories,Union Territories Goods and Services Tax (UTGST),NA,NA,7,2764.2,3327.13,3327.13,3705.61
NA,Total-Taxes of Union Territories,NA,NA,NA,NA,5336.34,7059.27,7059.27,7820.13
Tax Revenue,Less-NCCD transferred to the National Disaster Response Fund,NCCD (Customs),NA,NA,37,-721.19,-850,-880,-900
Tax Revenue,Less-NCCD transferred to the National Disaster Response Fund,NCCD (Union Excise),NA,NA,38,-5098.81,-5250,-5250,-5500
NA,Total-Less-NCCD transferred to the National Disaster Response Fund,NA,NA,NA,NA,-5820,-6100,-6130,-6400
Tax Revenue,Less-States' Share,NA,NA,NA,710,-594996.76,-665562.74,-720556.85,-816649.47
Tax Revenue,Less-States' share adjustment as per Actual,NA,NA,NA,710,NA,NA,-24227.77,NA
Total-Tax Revenue,NA,NA,NA,NA,NA,1426287.08,1545396.53,1765144.65,1934770.66
Grand Total,NA,NA,NA,NA,NA,1426287.08,1545396.53,1765144.65,1934770.66
